"Reference","Value","Datasheet","Footprint","Qty","DNP","Manufacturer","Mfg Part #","Diaelectric","Mounting Type","Package/Footprint","Voltage Rating"
"C1","2.2u","~","Capacitor_SMD:C_0805_2012Metric","1","","Murata","GRM21BD72A225KE01L","X7R","SMD","0805","100V"
"C2","2.2u","~","Capacitor_SMD:C_0805_2012Metric","1","","Murata","GRM21BD72A225KE01L","X7R","SMD","0805","100V"
"C3","2.2u","~","Capacitor_SMD:C_0805_2012Metric","1","","Samsung Electro-Mechanics","CL21B225KOFNNNE","X5R","SMD","0805","16V"
"C4","3.9n","~","Capacitor_SMD:C_0603_1608Metric","1","","Samsung Electro-Mechanics","C0603C392K4RAC7867","X5R","SMD","0603","16V"
"C5","3.9n","~","Capacitor_SMD:C_0603_1608Metric","1","","Samsung Electro-Mechanics","C0603C392K4RAC7867","X5R","SMD","0603","16V"
"C6","100n","~","Capacitor_SMD:C_0603_1608Metric","1","","Samsung Electro-Mechanics","","X5R","SMD","0603","16V"
"D1","LED RED","https://www.kingbrightusa.com/images/catalog/SPEC/APT3216LSECK-J3-PRV.pdf","LED_SMD:LED_0603_1608Metric","1","","Kingbright","APT1608LSECK/J3-PRV","","SMD","0603",""
"D2","LED ORANGE","https://www.kingbrightusa.com/images/catalog/SPEC/APT3216LSECK-J4-PRV.pdf","LED_SMD:LED_0603_1608Metric","1","","Kingbright","APT1608LSECK/J4-PRV","","SMD","0603",""
"D3","LED YELLOW","https://www.kingbrightusa.com/images/catalog/SPEC/APT3216LSYCK-J3-PRV.pdf","LED_SMD:LED_0603_1608Metric","1","","Kingbright","APT1608LSYCK/J3-PRV","","SMD","0603",""
"D4","LED GREEN","https://www.kingbrightusa.com/images/catalog/SPEC/APT3216LZGCK.pdf","LED_SMD:LED_0603_1608Metric","1","","Kingbright","APT1608LZGCK","","SMD","0603",""
"D5","LED_Dual_AKKA","~","LED_SMD:LED_Kingbright_APHBM2012_2x1.25mm","1","","Kingbright","APHBM2012LVBDZGKC","","SMD","0805",""
"D6","LED BLUE","https://www.kingbrightusa.com/images/catalog/SPEC/APT3216LVBC-D.pdf","LED_SMD:LED_0603_1608Metric","1","","Kingbright","APT1608LVBC/D","","SMD","0603",""
"D7","LED_Dual_KAAK","https://www.kingbrightusa.com/images/catalog/SPEC/APHBM2012LVBDSEKJ3C.pdf","LED_SMD:LED_Kingbright_APHBM2012_2x1.25mm","1","","Kingbright","APHBM2012LVBDSEKJ3C","","SMD","0805",""
"D8","LED WHITE","https://look.ams-osram.com/m/4e633303f1406b2a/original/LW-Q38E.pdf","LED_SMD:LED_0603_1608Metric","1","","ams OSRAM","LW Q38E-Q1OO-3K6L-1-5-R18 ","","SMD","0603",""
"D10","BAT54C","http://www.diodes.com/_files/datasheets/ds11005.pdf","Package_TO_SOT_SMD:SOT-23","1","","BAT54C","","","SMD","SOT-23-3",""
"H1","MountingHole","https://www.we-online.com/katalog/datasheet/9774015633R.pdf","Mounting_Wuerth:Mounting_Wuerth_WA-SMSI-M1.6_H1.5mm_9774015633","1","","Würth Elektronik","9774015633R","","SMD","",""
"H2","MountingHole","https://www.we-online.com/katalog/datasheet/9774015633R.pdf","Mounting_Wuerth:Mounting_Wuerth_WA-SMSI-M1.6_H1.5mm_9774015633","1","","Würth Elektronik","9774015633R","","SMD","",""
"H3","MountingHole","https://www.we-online.com/katalog/datasheet/9774015633R.pdf","Mounting_Wuerth:Mounting_Wuerth_WA-SMSI-M1.6_H1.5mm_9774015633","1","","Würth Elektronik","9774015633R","","SMD","",""
"H4","MountingHole","https://www.we-online.com/katalog/datasheet/9774015633R.pdf","Mounting_Wuerth:Mounting_Wuerth_WA-SMSI-M1.6_H1.5mm_9774015633","1","","Würth Elektronik","9774015633R","","SMD","",""
"J1","USB_C_Receptacle","https://www.jae.com/direct/page/generatePDF/?file_nm=DX07S016JA1R1500.pdf&orientation=portrait&no_cache=0&path=%2Fen%2Fconnectors%2Fseries%2Fdetail%2Fproduct%2Fid%3D91780%26v=","005_usb_volt_tester:USB_C_Receptacle_JAE_DX07S016JA1R1500","1","","JAE Electronics","DX07S016JA1R1500","","SMD","",""
"P1","USB_C_Plug","https://www.jae.com/direct/page/generatePDF/?file_nm=DX07P024AJ5R1500.pdf&orientation=portrait&no_cache=0&path=%2Fen%2Fconnectors%2Fseries%2Fdetail%2Fproduct%2Fid%3D66504%26v=","005_usb_volt_tester:USB_C_Plug_JAE_DX07P024AJ5","1","","JAE Electronics","DX07P024AJ5R1500","","SMD","",""
"R1","1.2k","~","Resistor_SMD:R_0603_1608Metric","1","","YAGEO","RC0603FR-071K2L","","SMD","0603",""
"R2","1.5k","~","Resistor_SMD:R_0603_1608Metric","1","","YAGEO","RC0603FR-071K5L","","SMD","0603",""
"R3","750","~","Resistor_SMD:R_0603_1608Metric","1","","YAGEO","RC0603FR-07750RL","","SMD","0603",""
"R4","2.2k","~","Resistor_SMD:R_0603_1608Metric","1","","YAGEO","RC0603FR-072K2L","","SMD","0603",""
"R5","3.6k","~","Resistor_SMD:R_0603_1608Metric","1","","YAGEO","RC0603FR-073K6L","","SMD","0603",""
"R6","1.5k","~","Resistor_SMD:R_0603_1608Metric","1","","YAGEO","RC0603FR-071K5L","","SMD","0603",""
"R7","560","~","Resistor_SMD:R_0603_1608Metric","1","","YAGEO","RC0603FR-07560RL","","SMD","0603",""
"R8","1k","~","Resistor_SMD:R_0603_1608Metric","1","","YAGEO","RC0603FR-071KL","","SMD","0603",""
"R9","3.9k","~","Resistor_SMD:R_0603_1608Metric","1","","YAGEO","RC0603FR-073K9L","","SMD","0603",""
"R10","680","~","Resistor_SMD:R_0603_1608Metric","1","","YAGEO","RC0603FR-07680RL","","SMD","0603",""
"R11","22","~","Resistor_SMD:R_0805_2012Metric","1","","YAGEO","RC0805FR-0722RL","","SMD","0805",""
"R12","220","~","Resistor_SMD:R_0603_1608Metric","1","","YAGEO","RC0603FR-07220RL","","SMD","0603",""
"R13","82k","~","Resistor_SMD:R_0603_1608Metric","1","","YAGEO","RC0603FR-0782KL","","SMD","0603",""
"R14","20k","~","Resistor_SMD:R_0603_1608Metric","1","","YAGEO","RC0603FR-0720KL","","SMD","0603",""
"R15","110k","~","Resistor_SMD:R_0603_1608Metric","1","","YAGEO","RC0603FR-07110KL","","SMD","0603",""
"R16","10k","~","Resistor_SMD:R_0603_1608Metric","1","","YAGEO","RC0603FR-0710KL","","SMD","0603",""
"U1","ATtiny406-M","https://ww1.microchip.com/downloads/aemDocuments/documents/MCU08/ProductDocuments/DataSheets/ATtiny202-204-402-404-406-DataSheet-DS40002318A.pdf","Package_DFN_QFN:VQFN-20-1EP_3x3mm_P0.4mm_EP1.7x1.7mm","1","","Microchip Technology","ATTINY406-MNR","","SMD","VQFN-20",""
"U2","MCP1792x-5002xCB","https://ww1.microchip.com/downloads/aemDocuments/documents/APID/ProductDocuments/DataSheets/MCP1792-Family-Data-Sheet-DS20006229D.pdf","005_usb_volt_tester:SOT-23A","1","","Microchip Technology","MCP1792T-5002H/CB","","SMD","SOT-23A",""
